[
  {
    "id": "4f5e2b76-38f9-40be-a2ab-59acec070b8c",
    "data": [
      {
        "text": "what time does the municipality open",
        "userDefined": false
      }
    ],
    "isTemplate": false,
    "count": 0
  },
  {
    "id": "f49e1834-2d10-42d6-b617-f499fa4a6f61",
    "data": [
      {
        "text": "What are your opening hours?",
        "userDefined": false
      }
    ],
    "isTemplate": false,
    "count": 0
  },
  {
    "id": "25c440c7-fdfe-478a-9304-bacf9fd1c0e7",
    "data": [
      {
        "text": "kommun openning hours today",
        "userDefined": false
      }
    ],
    "isTemplate": false,
    "count": 0
  },
  {
    "id": "826b9959-3e46-4370-aa49-ecc80fbb0fb1",
    "data": [
      {
        "text": "open hours",
        "userDefined": false
      }
    ],
    "isTemplate": false,
    "count": 0
  },
  {
    "id": "6a481624-9d29-48b0-8cc4-167793b0c2a5",
    "data": [
      {
        "text": "municipality opening hours",
        "userDefined": false
      }
    ],
    "isTemplate": false,
    "count": 0,
    "updated": 1511639644
  }
]