[
  {
    "id": "4c5a47fb-e9dd-49e8-901a-dcf03252a25b",
    "data": [
      {
        "text": "Have you seen ",
        "userDefined": false
      },
      {
        "text": "dad",
        "alias": "PassedAwayFamilyMember",
        "meta": "@PassedAwayFamilyMember",
        "userDefined": true
      },
      {
        "text": "?",
        "userDefined": false
      }
    ],
    "isTemplate": false,
    "count": 0,
    "updated": 1511644869
  },
  {
    "id": "679132ea-8f93-4d0d-9a25-5d040c8140c5",
    "data": [
      {
        "text": "I don\u0027t know where is ",
        "userDefined": false
      },
      {
        "text": "dad",
        "alias": "PassedAwayFamilyMember",
        "meta": "@PassedAwayFamilyMember",
        "userDefined": true
      }
    ],
    "isTemplate": false,
    "count": 0,
    "updated": 1511644869
  },
  {
    "id": "5872eca6-4de6-4733-9355-06176cd7e0e0",
    "data": [
      {
        "text": "Where is ",
        "userDefined": false
      },
      {
        "text": "dad",
        "alias": "PassedAwayFamilyMember",
        "meta": "@PassedAwayFamilyMember",
        "userDefined": true
      }
    ],
    "isTemplate": false,
    "count": 0,
    "updated": 1511644869
  },
  {
    "id": "6e388cf7-f88f-4cc5-b568-a68d7a1c14db",
    "data": [
      {
        "text": "I miss ",
        "userDefined": false
      },
      {
        "text": "dad",
        "alias": "PassedAwayFamilyMember",
        "meta": "@PassedAwayFamilyMember",
        "userDefined": true
      }
    ],
    "isTemplate": false,
    "count": 0
  },
  {
    "id": "e78ea9ab-a8ca-4cbd-a43b-2d0ce142a3d7",
    "data": [
      {
        "text": "Do you know where is ",
        "userDefined": false
      },
      {
        "text": "dad",
        "alias": "PassedAwayFamilyMember",
        "meta": "@PassedAwayFamilyMember",
        "userDefined": true
      }
    ],
    "isTemplate": false,
    "count": 0,
    "updated": 1511644869
  }
]