[
  {
    "id": "0f8930ae-c9a0-43ae-8fdb-3deadce0eb50",
    "data": [
      {
        "text": "That is all, Google, Thank you!",
        "userDefined": false
      }
    ],
    "isTemplate": false,
    "count": 0,
    "updated": 1511658084
  },
  {
    "id": "408ae0e1-2ec9-4af0-a9df-5167bfd2bc3b",
    "data": [
      {
        "text": "That\u0027s all google",
        "userDefined": false
      }
    ],
    "isTemplate": false,
    "count": 0
  },
  {
    "id": "270f0c7a-3aaf-4d2b-9303-0bbe202ad0fe",
    "data": [
      {
        "text": "thank you google",
        "userDefined": false
      }
    ],
    "isTemplate": false,
    "count": 0
  }
]