[
  {
    "id": "5eaf7bd7-c4ad-46bf-9002-20daebf4b1b2",
    "data": [
      {
        "text": "I don\u0027t know my place",
        "userDefined": false
      }
    ],
    "isTemplate": false,
    "count": 0,
    "updated": 1511643698
  },
  {
    "id": "5edc5f6e-77b2-4623-b78e-e2d7bd1fdf0e",
    "data": [
      {
        "text": "Where am I?",
        "userDefined": false
      }
    ],
    "isTemplate": false,
    "count": 0,
    "updated": 1511643698
  },
  {
    "id": "05b9a320-2f32-4721-b9e5-28b33313b26e",
    "data": [
      {
        "text": "I don\u0027t where this place",
        "userDefined": false
      }
    ],
    "isTemplate": false,
    "count": 0,
    "updated": 1511643698
  }
]